{
  "project_info": {
    "project_number": "644320407501",
    "project_id": "hito1-multimedia-ed21c",
    "storage_bucket": "hito1-multimedia-ed21c.firebasestorage.app"
  },
  "client": [
    {
      "client_info": {
        "mobilesdk_app_id": "1:644320407501:android:a6d0705d31e55b99b21e84",
        "android_client_info": {
          "package_name": "com.example.tapgame_alejandropawlukiewicz"
        }
      },
      "oauth_client": [],
      "api_key": [
        {
          "current_key": "AIzaSyCT7nvTUAq1Y35J7VYvX1cJMjWSfEJLEY0"
        }
      ],
      "services": {
        "appinvite_service": {
          "other_platform_oauth_client": []
        }
      }
    }
  ],
  "configuration_version": "1"
}