<?xml version="1.0" encoding="UTF-8"?>
<beans xmlns="http://www.springframework.org/schema/beans"
       xmlns:xsi="http://www.w3.org/2001/XMLSchema-instance"
       xsi:schemaLocation="http://www.springframework.org/schema/beans
       http://www.springframework.org/schema/beans/spring-beans.xsd">

    <!-- Primero definimos el bean Coche -->
    <bean id="coche" class="es.fiesta.Coche">
        <constructor-arg value="7292-CML"/>
        <constructor-arg value="VW"/>
        <constructor-arg value="Passat"/>
    </bean>

    <!-- Luego definimos el bean Fiestero que depende de Coche -->
    <bean id="fiestero" class="es.fiesta.Fiestero">
        <constructor-arg value="Alejandro"/>
        <constructor-arg value="555-555-555"/>
        <constructor-arg ref="coche"/>
    </bean>

    <!-- Finalmente definimos el bean Fiesta que depende de Fiestero -->
    <bean id="ACME-1" class="es.fiesta.Fiesta">
        <constructor-arg value="Humanes"/>
        <property name="fiestero" ref="fiestero"/>
    </bean>

</beans>